{
  "name": "KT AMP 통합 워크플로우",
  "version": "1.0.0",
  "description": "KT AMP 플랫폼의 STT 학습/배포/검증/테스트 통합 관리 시스템 UI 디자인",
  "figmaData": {
    "document": {
      "id": "0:0",
      "name": "KT AMP 통합 워크플로우",
      "type": "DOCUMENT",
      "children": [
        {
          "id": "1:1",
          "name": "Desktop - Light Mode",
          "type": "CANVAS",
          "backgroundColor": {
            "r": 0.4,
            "g": 0.49,
            "b": 0.92,
            "a": 1
          },
          "children": [
            {
              "id": "2:1",
              "name": "Main Container",
              "type": "FRAME",
              "width": 1296,
              "height": 810,
              "x": 72,
              "y": 45,
              "fills": [
                {
                  "type": "SOLID",
                  "color": {
                    "r": 1,
                    "g": 1,
                    "b": 1,
                    "a": 0.95
                  }
                }
              ],
              "effects": [
                {
                  "type": "BACKGROUND_BLUR",
                  "radius": 20
                },
                {
                  "type": "DROP_SHADOW",
                  "color": {
                    "r": 0,
                    "g": 0,
                    "b": 0,
                    "a": 0.08
                  },
                  "offset": {
                    "x": 0,
                    "y": 4
                  },
                  "radius": 15
                }
              ],
              "cornerRadius": 20,
              "children": [
                {
                  "id": "3:1",
                  "name": "Header",
                  "type": "FRAME",
                  "width": 1296,
                  "height": 70,
                  "x": 0,
                  "y": 0,
                  "fills": [
                    {
                      "type": "SOLID",
                      "color": {
                        "r": 1,
                        "g": 1,
                        "b": 1,
                        "a": 0.9
                      }
                    }
                  ],
                  "effects": [
                    {
                      "type": "BACKGROUND_BLUR",
                      "radius": 10
                    }
                  ],
                  "cornerRadius": [20, 20, 0, 0]
                },
                {
                  "id": "4:1",
                  "name": "Sidebar",
                  "type": "FRAME",
                  "width": 320,
                  "height": 740,
                  "x": 0,
                  "y": 70,
                  "fills": [
                    {
                      "type": "SOLID",
                      "color": {
                        "r": 1,
                        "g": 1,
                        "b": 1,
                        "a": 0.95
                      }
                    }
                  ],
                  "effects": [
                    {
                      "type": "BACKGROUND_BLUR",
                      "radius": 20
                    },
                    {
                      "type": "DROP_SHADOW",
                      "color": {
                        "r": 0,
                        "g": 0,
                        "b": 0,
                        "a": 0.15
                      },
                      "offset": {
                        "x": 0,
                        "y": 25
                      },
                      "radius": 50
                    }
                  ]
                },
                {
                  "id": "5:1",
                  "name": "Main Content",
                  "type": "FRAME",
                  "width": 928,
                  "height": 700,
                  "x": 340,
                  "y": 90
                }
              ]
            }
          ]
        }
      ]
    },
    "components": {
      "Button/Primary": {
        "id": "100:1",
        "name": "Button/Primary",
        "description": "Primary action button with gradient background",
        "componentPropertyDefinitions": {
          "Size": {
            "type": "VARIANT",
            "defaultValue": "Medium",
            "variantOptions": ["Small", "Medium", "Large"]
          },
          "State": {
            "type": "VARIANT",
            "defaultValue": "Default",
            "variantOptions": ["Default", "Hover", "Pressed", "Disabled"]
          }
        },
        "width": "auto",
        "height": 44,
        "fills": [
          {
            "type": "GRADIENT_LINEAR",
            "gradientStops": [
              {
                "position": 0,
                "color": {
                  "r": 0.4,
                  "g": 0.49,
                  "b": 0.92,
                  "a": 1
                }
              },
              {
                "position": 1,
                "color": {
                  "r": 0.46,
                  "g": 0.29,
                  "b": 0.64,
                  "a": 1
                }
              }
            ],
            "gradientTransform": [
              [0.7071, 0.7071, 0],
              [-0.7071, 0.7071, 0]
            ]
          }
        ],
        "effects": [
          {
            "type": "DROP_SHADOW",
            "color": {
              "r": 0.4,
              "g": 0.49,
              "b": 0.92,
              "a": 0.4
            },
            "offset": {
              "x": 0,
              "y": 4
            },
            "radius": 15
          }
        ],
        "cornerRadius": 12
      },
      "Card/Content": {
        "id": "101:1",
        "name": "Card/Content",
        "description": "Content card with glassmorphism effect",
        "width": 300,
        "height": "auto",
        "fills": [
          {
            "type": "SOLID",
            "color": {
              "r": 1,
              "g": 1,
              "b": 1,
              "a": 0.8
            }
          }
        ],
        "effects": [
          {
            "type": "BACKGROUND_BLUR",
            "radius": 10
          },
          {
            "type": "DROP_SHADOW",
            "color": {
              "r": 0,
              "g": 0,
              "b": 0,
              "a": 0.08
            },
            "offset": {
              "x": 0,
              "y": 4
            },
            "radius": 15
          }
        ],
        "strokes": [
          {
            "type": "SOLID",
            "color": {
              "r": 0,
              "g": 0,
              "b": 0,
              "a": 0.1
            }
          }
        ],
        "strokeWeight": 1,
        "cornerRadius": 16
      }
    },
    "styles": {
      "colors": {
        "Primary/Blue": {
          "id": "S:color_primary_blue",
          "name": "Primary/Blue",
          "styleType": "FILL",
          "fills": [
            {
              "type": "SOLID",
              "color": {
                "r": 0.4,
                "g": 0.49,
                "b": 0.92,
                "a": 1
              }
            }
          ]
        },
        "Primary/Purple": {
          "id": "S:color_primary_purple",
          "name": "Primary/Purple",
          "styleType": "FILL",
          "fills": [
            {
              "type": "SOLID",
              "color": {
                "r": 0.46,
                "g": 0.29,
                "b": 0.64,
                "a": 1
              }
            }
          ]
        },
        "Primary/Gradient": {
          "id": "S:color_primary_gradient",
          "name": "Primary/Gradient",
          "styleType": "FILL",
          "fills": [
            {
              "type": "GRADIENT_LINEAR",
              "gradientStops": [
                {
                  "position": 0,
                  "color": {
                    "r": 0.4,
                    "g": 0.49,
                    "b": 0.92,
                    "a": 1
                  }
                },
                {
                  "position": 1,
                  "color": {
                    "r": 0.46,
                    "g": 0.29,
                    "b": 0.64,
                    "a": 1
                  }
                }
              ],
              "gradientTransform": [
                [0.7071, 0.7071, 0],
                [-0.7071, 0.7071, 0]
              ]
            }
          ]
        }
      },
      "text": {
        "Heading 1": {
          "id": "S:text_heading_1",
          "name": "Heading 1",
          "styleType": "TEXT",
          "fontSize": 32,
          "fontWeight": 700,
          "lineHeight": 38,
          "fontFamily": "Inter"
        },
        "Body": {
          "id": "S:text_body",
          "name": "Body",
          "styleType": "TEXT",
          "fontSize": 14,
          "fontWeight": 400,
          "lineHeight": 21,
          "fontFamily": "Inter"
        }
      },
      "effects": {
        "Glass/Background Blur": {
          "id": "S:effect_glass_blur",
          "name": "Glass/Background Blur",
          "styleType": "EFFECT",
          "effects": [
            {
              "type": "BACKGROUND_BLUR",
              "radius": 20
            }
          ]
        },
        "Card Shadow": {
          "id": "S:effect_card_shadow",
          "name": "Card Shadow",
          "styleType": "EFFECT",
          "effects": [
            {
              "type": "DROP_SHADOW",
              "color": {
                "r": 0,
                "g": 0,
                "b": 0,
                "a": 0.08
              },
              "offset": {
                "x": 0,
                "y": 4
              },
              "radius": 15
            }
          ]
        }
      }
    }
  },
  "designSystem": {
    "colors": {
      "primary": {
        "blue": "#667eea",
        "purple": "#764ba2",
        "gradient": "linear-gradient(135deg, #667eea 0%, #764ba2 100%)"
      },
      "status": {
        "success": "#48bb78",
        "warning": "#ed8936",
        "error": "#f56565",
        "info": "#667eea"
      },
      "text": {
        "primary": "#1a202c",
        "secondary": "rgba(26, 32, 44, 0.7)",
        "tertiary": "rgba(26, 32, 44, 0.5)"
      },
      "background": {
        "primary": "rgba(255, 255, 255, 0.95)",
        "secondary": "rgba(255, 255, 255, 0.8)",
        "card": "rgba(255, 255, 255, 0.6)"
      }
    },
    "typography": {
      "fontFamily": "Inter",
      "sizes": {
        "h1": "32px",
        "h2": "24px", 
        "h3": "18px",
        "body": "14px",
        "caption": "12px"
      },
      "weights": {
        "bold": 700,
        "semibold": 600,
        "medium": 500,
        "regular": 400
      },
      "lineHeights": {
        "h1": "120%",
        "h2": "120%",
        "h3": "140%",
        "body": "150%",
        "caption": "130%"
      }
    },
    "spacing": {
      "xs": "4px",
      "sm": "8px",
      "md": "12px",
      "lg": "16px",
      "xl": "20px",
      "2xl": "24px"
    },
    "borderRadius": {
      "sm": "8px",
      "md": "12px",
      "lg": "16px",
      "xl": "20px"
    },
    "effects": {
      "glassmorphism": {
        "backdrop-filter": "blur(20px)",
        "background": "rgba(255, 255, 255, 0.8)"
      },
      "shadows": {
        "card": "0 4px 15px rgba(0, 0, 0, 0.08)",
        "button": "0 4px 15px rgba(102, 126, 234, 0.4)",
        "large": "0 25px 50px rgba(0, 0, 0, 0.15)"
      }
    }
  },
  "pages": [
    {
      "name": "Cover",
      "description": "프로젝트 커버 페이지"
    },
    {
      "name": "Design System", 
      "description": "컬러, 타이포그래피, 컴포넌트 시스템"
    },
    {
      "name": "Desktop - Light Mode",
      "description": "데스크톱 라이트 모드 메인 화면"
    },
    {
      "name": "Desktop - Dark Mode", 
      "description": "데스크톱 다크 모드 메인 화면"
    },
    {
      "name": "Tablet (768px)",
      "description": "태블릿 반응형 화면"
    },
    {
      "name": "Mobile (375px)",
      "description": "모바일 반응형 화면"
    },
    {
      "name": "Components",
      "description": "재사용 가능한 UI 컴포넌트 라이브러리"
    },
    {
      "name": "User Flows",
      "description": "사용자 플로우 및 인터랙션"
    }
  ],
  "features": [
    "🎨 Glass morphism + Neumorphism 디자인",
    "🌙 Light/Dark 테마 지원",
    "📱 완전 반응형 디자인 (Desktop/Tablet/Mobile)",
    "⚡ 부드러운 마이크로 인터랙션",
    "🔧 모듈식 컴포넌트 시스템",
    "♿ 접근성 준수 (WCAG 2.1 AA)",
    "🚀 고성능 최적화",
    "📊 통합 대시보드",
    "🧠 STT 학습 관리",
    "🚀 모델 배포 관리", 
    "✅ 성능 검증 시스템",
    "🧪 음성 인식 테스트"
  ],
  "metadata": {
    "author": "KT AMP Team",
    "created": "2025-01-18",
    "version": "1.0.0",
    "license": "MIT",
    "tags": ["UI", "UX", "Dashboard", "STT", "Machine Learning", "Voice Recognition"]
  }
}




